<?xml version="1.0"?>
<xsl:stylesheet xmlns:xsl="http://www.w3.org/1999/XSL/Transform" version="1.0">
    <xsl:output method="html"/>

    <xsl:template match="/*[local-name()='people']">
        <html>
            <body>
                <table border ="1">
                    <tr>
                        <th>Person info</th>
                        <th>Mother info</th>
                        <th>Father info</th>
                        <th>Brothers info</th>
                        <th>Sisters info</th>
                    </tr>
                    <xsl:apply-templates select="person"/>
                </table>
            </body>
        </html>
    </xsl:template>

    <xsl:template match="person">
        <tr>
            <td>
                <xsl:value-of select="@id"/>
                <xsl:value-of select="@name"/>
            </td>
            <td></td>
            <td></td>
            <td></td>
            <td></td>
        </tr>
    </xsl:template>

</xsl:stylesheet>